run_id,model,runtime,layer,track_or_task,repeat,resolved,rubric_pass_rate,rubric_pass_rate_25,lcb_pass_at_1,lcb_ci_lo,lcb_ci_hi,lcb_n,arch,total_params_b,active_params_b,sparsity_active_fraction,quant,duration_s,energy_j,energy_wh,j_per_token,j_per_gen_token,tokens_per_joule,energy_valid,prefill_tok_s,decode_tok_s,ttft_p50,ttft_p90,ttft_p99,e2e_p50,gpu_util_mean,gpu_power_mean,mem_util_mean,unified_mem_peak_mib,prompt_tokens,generation_tokens,total_tokens,exit_code
gpt-oss-120b-l1-astropy__astropy-12907-1,gpt-oss-120b,vllm,l1,astropy__astropy-12907,1,0,,,,,,,moe,116.8,5.1,0.0437,mxfp4,271.325,8554.59,2.3763,0.0128,1.365239,77.856,1,31858.6,25.59,0.5556,1.75,34.0,5.5556,90.736,31.603,,110498.4,659764.0,6266.0,666030.0,0
gpt-oss-120b-l1-astropy__astropy-13033-1,gpt-oss-120b,vllm,l1,astropy__astropy-13033,1,0,,,,,,,moe,116.8,5.1,0.0437,mxfp4,113.09,3235.58,0.8988,0.023,1.146149,43.543,1,23591.28,27.05,0.4464,2.05,9.675,6.25,92.674,28.654,,110450.1,138065.0,2823.0,140888.0,0
gpt-oss-120b-l1-astropy__astropy-13236-1,gpt-oss-120b,vllm,l1,astropy__astropy-13236,1,0,,,,,,,moe,116.8,5.1,0.0437,mxfp4,90.086,2596.74,0.7213,0.0184,1.147477,54.408,1,24046.86,27.66,0.4286,2.2,37.6,4.2857,88.828,28.931,,110339.1,139020.0,2263.0,141283.0,0
gpt-oss-120b-l1-astropy__astropy-13398-1,gpt-oss-120b,vllm,l1,astropy__astropy-13398,1,0,,,,,,,moe,116.8,5.1,0.0437,mxfp4,287.709,9362.69,2.6007,0.014,1.45406,71.645,1,27293.16,24.88,0.8125,3.0,6.85,7.1429,93.188,32.658,,110362.2,664347.0,6439.0,670786.0,0
gpt-oss-120b-l1-django__django-10554-1,gpt-oss-120b,vllm,l1,django__django-10554,1,0,,,,,,,moe,116.8,5.1,0.0437,mxfp4,178.026,5673.67,1.576,0.0083,1.469863,120.656,1,32703.42,25.79,0.4659,2.1063,16.9,4.1964,92.585,31.992,,110937.8,680701.0,3860.0,684561.0,0
gpt-oss-120b-l1-django__django-10880-1,gpt-oss-120b,vllm,l1,django__django-10880,1,1,,,,,,,moe,116.8,5.1,0.0437,mxfp4,760.204,16029.73,4.4527,0.0124,2.270822,80.463,1,34409.19,23.99,0.4653,2.225,15.9,5.75,43.441,20.762,,112153.5,1282744.0,7059.0,1289803.0,0
gpt-oss-120b-l1-django__django-10914-1,gpt-oss-120b,vllm,l1,django__django-10914,1,1,,,,,,,moe,116.8,5.1,0.0437,mxfp4,24.199,654.84,0.1819,0.0166,1.163126,60.378,1,18388.87,27.97,0.4375,3.5,4.85,4.1667,86.295,27.281,,111445.4,38975.0,563.0,39538.0,0
gpt-oss-120b-l1-matplotlib__matplotlib-13989-1,gpt-oss-120b,vllm,l1,matplotlib__matplotlib-13989,1,0,,,,,,,moe,116.8,5.1,0.0437,mxfp4,75.998,2246.33,0.624,0.0104,1.294715,95.987,1,27468.2,26.91,0.4205,1.45,7.075,3.9062,89.704,29.587,,111516.8,213883.0,1735.0,215618.0,0
gpt-oss-120b-l1-matplotlib__matplotlib-14623-1,gpt-oss-120b,vllm,l1,matplotlib__matplotlib-14623,1,0,,,,,,,moe,116.8,5.1,0.0437,mxfp4,81.238,4313.51,1.1982,0.0118,4.233081,84.595,1,9588.72,25.58,0.375,11.5,19.15,3.3929,90.052,53.854,,112542.5,363880.0,1019.0,364899.0,1
gpt-oss-120b-l1-mwaskom__seaborn-3069-1,gpt-oss-120b,vllm,l1,mwaskom__seaborn-3069,1,0,,,,,,,moe,116.8,5.1,0.0437,mxfp4,217.047,6881.99,1.9117,0.0111,1.40277,90.442,1,34494.37,25.2,0.625,2.025,4.275,4.4531,92.349,31.785,,112557.6,617512.0,4906.0,622418.0,0
gpt-oss-120b-l1-mwaskom__seaborn-3187-1,gpt-oss-120b,vllm,l1,mwaskom__seaborn-3187,1,0,,,,,,,moe,116.8,5.1,0.0437,mxfp4,96.468,2882.93,0.8008,0.0144,1.257823,69.344,1,26929.64,26.54,0.4375,2.2,4.65,4.4444,91.849,29.995,,112127.5,197622.0,2292.0,199914.0,0
gpt-oss-120b-l1-pallets__flask-5014-1,gpt-oss-120b,vllm,l1,pallets__flask-5014,1,1,,,,,,,moe,116.8,5.1,0.0437,mxfp4,39.95,1188.99,0.3303,0.0214,1.278484,46.704,1,13975.91,27.12,0.375,3.5,4.85,5.0,90.953,30.032,,112224.2,54601.0,930.0,55531.0,0
gpt-oss-120b-l1-psf__requests-1142-1,gpt-oss-120b,vllm,l1,psf__requests-1142,1,1,,,,,,,moe,116.8,5.1,0.0437,mxfp4,74.26,2292.05,0.6367,0.0114,1.358654,87.574,1,23597.13,26.73,0.625,0.975,4.625,4.3056,89.033,30.885,,112197.4,199038.0,1687.0,200725.0,0
gpt-oss-120b-l1-psf__requests-1724-1,gpt-oss-120b,vllm,l1,psf__requests-1724,1,0,,,,,,,moe,116.8,5.1,0.0437,mxfp4,149.949,4516.87,1.2547,0.0133,1.286858,75.173,1,28937.02,26.03,0.5781,1.825,18.1,8.5,90.961,30.14,,112139.9,336035.0,3510.0,339545.0,0
gpt-oss-120b-l1-psf__requests-1766-1,gpt-oss-120b,vllm,l1,psf__requests-1766,1,1,,,,,,,moe,116.8,5.1,0.0437,mxfp4,36.142,1013.2,0.2814,0.0168,1.171329,59.529,1,19788.47,27.85,0.4167,5.5,7.3,5.0,87.598,28.129,,112122.0,59450.0,865.0,60315.0,0
gpt-oss-120b-l1-psf__requests-1921-1,gpt-oss-120b,vllm,l1,psf__requests-1921,1,1,,,,,,,moe,116.8,5.1,0.0437,mxfp4,120.939,3594.57,0.9985,0.0163,1.225979,61.231,1,26231.72,26.68,0.5417,2.125,18.5,4.375,93.151,29.803,,112243.2,217167.0,2932.0,220099.0,0
gpt-oss-120b-l1-pylint-dev__pylint-4551-1,gpt-oss-120b,vllm,l1,pylint-dev__pylint-4551,1,0,,,,,,,moe,116.8,5.1,0.0437,mxfp4,153.414,4737.81,1.3161,0.0137,1.319357,72.737,1,28891.4,26.03,0.525,1.95,9.475,4.2045,92.294,30.893,,112166.4,341023.0,3591.0,344614.0,0
gpt-oss-120b-l1-pylint-dev__pylint-4661-1,gpt-oss-120b,vllm,l1,pylint-dev__pylint-4661,1,0,,,,,,,moe,116.8,5.1,0.0437,mxfp4,93.382,2757.71,0.766,0.0229,1.185602,43.706,1,23895.24,27.13,0.4028,0.925,4.675,4.7917,92.073,29.601,,112188.4,118202.0,2326.0,120528.0,0
gpt-oss-120b-l1-pylint-dev__pylint-4970-1,gpt-oss-120b,vllm,l1,pylint-dev__pylint-4970,1,0,,,,,,,moe,116.8,5.1,0.0437,mxfp4,175.326,6401.04,1.7781,0.0139,1.717939,71.802,1,17580.33,25.54,0.4844,6.9167,36.6,5.625,92.877,36.862,,112241.8,455879.0,3726.0,459605.0,0
gpt-oss-120b-l1-pytest-dev__pytest-10051-1,gpt-oss-120b,vllm,l1,pytest-dev__pytest-10051,1,0,,,,,,,moe,116.8,5.1,0.0437,mxfp4,21.482,624.92,0.1736,0.0183,1.26502,54.778,1,15065.66,28.07,0.4375,8.75,9.875,4.5833,85.5,29.196,,112213.8,33738.0,494.0,34232.0,0
gpt-oss-120b-l1-pytest-dev__pytest-10081-1,gpt-oss-120b,vllm,l1,pytest-dev__pytest-10081,1,0,,,,,,,moe,116.8,5.1,0.0437,mxfp4,21.481,652.25,0.1812,0.0213,1.342078,46.855,1,11885.42,27.92,0.5,16.0,19.6,5.0,86.929,30.494,,112303.6,30075.0,486.0,30561.0,0
gpt-oss-120b-l1-pytest-dev__pytest-10356-1,gpt-oss-120b,vllm,l1,pytest-dev__pytest-10356,1,0,,,,,,,moe,116.8,5.1,0.0437,mxfp4,133.621,4008.46,1.1135,0.0158,1.261315,63.164,1,27827.31,26.16,0.5,2.05,4.6,5.0,89.951,30.086,,112218.0,250012.0,3178.0,253190.0,0
gpt-oss-120b-l1-pytest-dev__pytest-5262-1,gpt-oss-120b,vllm,l1,pytest-dev__pytest-5262,1,0,,,,,,,moe,116.8,5.1,0.0437,mxfp4,30.611,1005.0,0.2792,0.0294,1.497765,33.963,1,24218.22,44.54,0.5,9.0,9.9,7.5,89.62,33.04,,112211.1,33462.0,671.0,34133.0,1
gpt-oss-120b-l1-sphinx-doc__sphinx-10449-1,gpt-oss-120b,vllm,l1,sphinx-doc__sphinx-10449,1,0,,,,,,,moe,116.8,5.1,0.0437,mxfp4,331.458,10166.63,2.8241,0.0076,1.821977,131.595,1,33346.21,24.77,0.5,2.325,15.6,4.6875,77.694,30.585,,112298.5,1332295.0,5580.0,1337875.0,1
gpt-oss-120b-l1-sphinx-doc__sphinx-10466-1,gpt-oss-120b,vllm,l1,sphinx-doc__sphinx-10466,1,1,,,,,,,moe,116.8,5.1,0.0437,mxfp4,117.518,4777.63,1.3271,0.01,2.392404,99.84,1,14612.2,25.3,1.375,3.625,17.9,4.3269,89.762,41.038,,112242.5,475002.0,1997.0,476999.0,1
gpt-oss-120b-l1-sympy__sympy-11618-1,gpt-oss-120b,vllm,l1,sympy__sympy-11618,1,1,,,,,,,moe,116.8,5.1,0.0437,mxfp4,60.105,1698.88,0.4719,0.0196,1.153347,50.981,1,21189.21,27.48,0.4167,1.0,9.75,4.375,88.39,28.287,,112245.2,85137.0,1473.0,86610.0,0
gpt-oss-120b-l1-sympy__sympy-12096-1,gpt-oss-120b,vllm,l1,sympy__sympy-12096,1,1,,,,,,,moe,116.8,5.1,0.0437,mxfp4,71.702,2344.74,0.6513,0.0146,1.533512,68.395,1,15992.65,25.72,0.425,5.25,7.275,5.625,91.403,33.038,,112984.8,158839.0,1529.0,160368.0,0
gpt-oss-120b-l1-sympy__sympy-12419-1,gpt-oss-120b,vllm,l1,sympy__sympy-12419,1,1,,,,,,,moe,116.8,5.1,0.0437,mxfp4,160.6,4877.48,1.3549,0.014,1.301355,71.556,1,25922.52,26.12,0.45,2.2,9.5,7.5,90.967,30.43,,113059.1,345264.0,3748.0,349012.0,0
gpt-oss-120b-l1-sympy__sympy-12481-1,gpt-oss-120b,vllm,l1,sympy__sympy-12481,1,1,,,,,,,moe,116.8,5.1,0.0437,mxfp4,711.448,21383.83,5.94,0.01,1.353835,100.23,1,53620.78,23.97,0.5156,1.45,3.35,5.0,92.808,30.087,,113049.9,2127510.0,15795.0,2143305.0,0
gpt-oss-120b-l2-node-1,gpt-oss-120b,vllm,l2,node,1,,0.5172,0.6,,,,,moe,116.8,5.1,0.0437,mxfp4,369.303,10956.54,3.0435,0.0246,1.066226,40.719,1,39290.08,31.78,0.2981,0.575,6.825,5.9375,86.557,29.549,,109431.6,435862.0,10276.0,446138.0,0
gpt-oss-120b-l2-node-10,gpt-oss-120b,vllm,l2,node,10,,0.9655,0.96,,,,,moe,116.8,5.1,0.0437,mxfp4,486.944,16170.36,4.4918,0.0267,1.106422,37.448,1,49048.98,31.14,0.3676,0.95,6.7,10.7143,95.337,33.227,,109692.0,590935.0,14615.0,605550.0,0
gpt-oss-120b-l2-node-11,gpt-oss-120b,vllm,l2,node,11,,1.0,1.0,,,,,moe,116.8,5.1,0.0437,mxfp4,519.851,11554.47,3.2096,0.0234,1.397831,42.67,1,55407.48,31.8,0.2857,0.5,4.25,4.0385,48.272,21.676,,109659.5,484764.0,8266.0,493030.0,0
gpt-oss-120b-l2-node-12,gpt-oss-120b,vllm,l2,node,12,,1.0,1.0,,,,,moe,116.8,5.1,0.0437,mxfp4,749.348,21049.5,5.8471,0.0185,1.128176,53.962,1,60138.43,30.57,0.385,0.705,6.525,5.8333,80.131,27.863,,110125.6,1117224.0,18658.0,1135882.0,0
gpt-oss-120b-l2-node-13,gpt-oss-120b,vllm,l2,node,13,,0.5172,0.6,,,,,moe,116.8,5.1,0.0437,mxfp4,724.969,18773.4,5.2148,0.0288,1.210875,34.73,1,52545.26,31.31,0.3482,0.735,9.175,6.5,64.681,25.45,,110135.3,636487.0,15504.0,651991.0,0
gpt-oss-120b-l2-node-14,gpt-oss-120b,vllm,l2,node,14,,0.5517,0.6,,,,,moe,116.8,5.1,0.0437,mxfp4,1208.902,26124.38,7.2568,0.0186,1.493931,53.723,1,60310.06,30.64,0.352,0.725,8.425,5.7812,44.319,21.059,,110424.7,1385999.0,17487.0,1403486.0,0
gpt-oss-120b-l2-node-15,gpt-oss-120b,vllm,l2,node,15,,1.0,1.0,,,,,moe,116.8,5.1,0.0437,mxfp4,725.683,18404.79,5.1124,0.0133,1.225352,75.067,1,69148.93,31.28,0.306,0.5964,13.7,3.9844,65.881,24.945,,110109.4,1366581.0,15020.0,1381601.0,0
gpt-oss-120b-l2-node-16,gpt-oss-120b,vllm,l2,node,16,,0.9655,0.96,,,,,moe,116.8,5.1,0.0437,mxfp4,431.999,13347.12,3.7075,0.0219,1.077249,45.591,1,51583.06,31.45,0.3804,0.63,4.15,8.75,89.146,30.821,,110169.2,596119.0,12390.0,608509.0,0
gpt-oss-120b-l2-node-17,gpt-oss-120b,vllm,l2,node,17,,0.9655,0.96,,,,,moe,116.8,5.1,0.0437,mxfp4,769.662,20512.38,5.6979,0.0163,1.269488,61.304,1,66037.47,31.0,0.3333,0.4872,6.0,5.0,63.996,26.2,,110189.9,1241327.0,16158.0,1257485.0,0
gpt-oss-120b-l2-node-18,gpt-oss-120b,vllm,l2,node,18,,1.0,1.0,,,,,moe,116.8,5.1,0.0437,mxfp4,1073.573,28897.27,8.027,0.0198,1.251831,50.434,1,50392.8,29.75,0.4044,1.9938,6.325,6.25,70.328,26.572,,110401.0,1434332.0,23084.0,1457416.0,0
gpt-oss-120b-l2-node-19,gpt-oss-120b,vllm,l2,node,19,,0.1034,0.12,,,,,moe,116.8,5.1,0.0437,mxfp4,785.959,23060.81,6.4058,0.0156,1.216352,63.995,1,64164.08,30.67,0.3929,0.725,6.0,7.0833,76.665,29.044,,110232.5,1456816.0,18959.0,1475775.0,0
gpt-oss-120b-l2-node-2,gpt-oss-120b,vllm,l2,node,2,,0.0345,0.04,,,,,moe,116.8,5.1,0.0437,mxfp4,506.603,16395.06,4.5542,0.0235,1.083183,42.534,1,51602.2,31.08,0.3375,0.6375,4.05,8.75,94.517,32.384,,109249.0,682212.0,15136.0,697348.0,0
gpt-oss-120b-l2-node-20,gpt-oss-120b,vllm,l2,node,20,,0.9655,0.96,,,,,moe,116.8,5.1,0.0437,mxfp4,341.138,11126.05,3.0906,0.0234,1.08759,42.767,1,48513.19,31.31,0.3558,0.825,9.325,8.25,95.462,32.643,,109602.9,465597.0,10230.0,475827.0,0
gpt-oss-120b-l2-node-3,gpt-oss-120b,vllm,l2,node,3,,0.5172,0.6,,,,,moe,116.8,5.1,0.0437,mxfp4,565.01,14601.19,4.0559,0.0164,1.151877,60.913,1,61833.12,31.53,0.3241,0.4944,6.35,5.0,66.975,25.479,,109500.9,876725.0,12676.0,889401.0,0
gpt-oss-120b-l2-node-4,gpt-oss-120b,vllm,l2,node,4,,1.0,1.0,,,,,moe,116.8,5.1,0.0437,mxfp4,741.327,18731.7,5.2032,0.023,1.280888,43.398,1,56240.37,31.32,0.3661,0.6125,15.8,7.8571,59.303,24.767,,109819.3,798298.0,14624.0,812922.0,0
gpt-oss-120b-l2-node-5,gpt-oss-120b,vllm,l2,node,5,,1.0,1.0,,,,,moe,116.8,5.1,0.0437,mxfp4,668.666,20710.76,5.753,0.0187,1.328976,53.445,1,59675.86,30.81,0.3587,0.775,6.3,5.0,74.66,30.557,,109882.8,1091308.0,15584.0,1106892.0,0
gpt-oss-120b-l2-node-6,gpt-oss-120b,vllm,l2,node,6,,0.0345,0.04,,,,,moe,116.8,5.1,0.0437,mxfp4,373.497,11888.42,3.3023,0.0233,1.050121,42.958,1,52149.09,31.56,0.2406,0.7,4.2,4.7222,94.48,31.866,,109350.3,499382.0,11321.0,510703.0,0
gpt-oss-120b-l2-node-7,gpt-oss-120b,vllm,l2,node,7,,0.931,0.92,,,,,moe,116.8,5.1,0.0437,mxfp4,754.81,19076.12,5.2989,0.0133,1.203085,75.307,1,69778.89,31.27,0.3285,0.4843,8.325,4.95,65.693,24.838,,110099.6,1420707.0,15856.0,1436563.0,0
gpt-oss-120b-l2-node-8,gpt-oss-120b,vllm,l2,node,8,,0.931,0.96,,,,,moe,116.8,5.1,0.0437,mxfp4,607.636,20591.19,5.7198,0.0139,1.227493,72.112,1,68462.88,30.75,0.3681,0.6786,14.0,7.0,88.549,33.807,,111088.2,1468088.0,16775.0,1484863.0,0
gpt-oss-120b-l2-node-9,gpt-oss-120b,vllm,l2,node,9,,0.4828,0.56,,,,,moe,116.8,5.1,0.0437,mxfp4,340.8,11394.0,3.165,0.0295,1.097054,33.903,1,47968.67,31.6,0.3333,0.7,6.9,8.5714,95.244,33.459,,109913.1,375905.0,10386.0,386291.0,0
gpt-oss-120b-l2-python-1,gpt-oss-120b,vllm,l2,python,1,,0.0,0.0,,,,,moe,116.8,5.1,0.0437,mxfp4,558.006,18013.66,5.0038,0.0183,1.148245,54.617,1,36351.69,30.34,0.369,0.925,8.85,8.0,93.63,32.366,,109488.8,968163.0,15688.0,983851.0,0
gpt-oss-120b-l2-python-2,gpt-oss-120b,vllm,l2,python,2,,0.0345,0.04,,,,,moe,116.8,5.1,0.0437,mxfp4,476.65,14820.79,4.1169,0.0224,1.04269,44.708,1,53934.2,31.0,0.3684,0.6571,9.1,9.5833,94.049,31.111,,109441.5,648395.0,14214.0,662609.0,0
gpt-oss-120b-l2-python-3,gpt-oss-120b,vllm,l2,python,3,,0.0345,0.04,,,,,moe,116.8,5.1,0.0437,mxfp4,698.388,22882.61,6.3563,0.0134,1.162557,74.606,1,54261.89,30.24,0.3819,0.8,5.85,7.3529,92.301,32.831,,109757.0,1687507.0,19683.0,1707190.0,0
gpt-oss-120b-l2-python-4,gpt-oss-120b,vllm,l2,python,4,,0.0345,0.04,,,,,moe,116.8,5.1,0.0437,mxfp4,879.489,29472.53,8.1868,0.0163,1.249524,61.405,1,35841.43,29.19,0.4007,1.25,9.1875,6.1667,93.21,33.661,,110923.6,1786172.0,23587.0,1809759.0,0
gpt-oss-120b-l2-python-5,gpt-oss-120b,vllm,l2,python,5,,0.0,0.0,,,,,moe,116.8,5.1,0.0437,mxfp4,1000.796,35342.26,9.8173,0.0119,1.330507,83.757,1,44975.33,29.46,0.3995,1.7731,14.85,7.3958,93.065,35.425,,111025.6,2933601.0,26563.0,2960164.0,0
gpt-oss-120b-l2-python-6,gpt-oss-120b,vllm,l2,python,6,,0.3793,0.4,,,,,,,,,,,,,,,,,,,,,,,,,,,,,,
gpt-oss-120b-l2-python-7,gpt-oss-120b,vllm,l2,python,7,,0.0345,0.04,,,,,moe,116.8,5.1,0.0437,mxfp4,883.388,28756.97,7.988,0.0142,1.207211,70.477,1,56390.58,29.0,0.3984,1.6,3.25,4.9107,93.462,32.582,,111131.9,2002875.0,23821.0,2026696.0,1
gpt-oss-120b-l2-python-8,gpt-oss-120b,vllm,l2,python,8,,0.0345,0.04,,,,,moe,116.8,5.1,0.0437,mxfp4,589.945,21449.05,5.9581,0.0177,1.337306,56.416,1,34851.48,29.8,0.3625,0.7437,8.725,7.25,93.946,36.484,,111065.1,1194023.0,16039.0,1210062.0,1
gpt-oss-120b-l3-lcb-pre2024m06-1,gpt-oss-120b,vllm,l3,lcb-pre2024m06,1,,,,0.892578,0.862773,0.916536,512,,,,,,,,,,,,0,,,,,,,,,,,0.0,0.0,,0
nemotron-super-l3-lcb-pre2024m06-1,nemotron-super,tensorrt-llm,l3,lcb-pre2024m06,1,,,,0.613281,0.570402,0.654473,512,,,,,,32813.998,1478689.83,410.7472,,,,1,,,,,,,95.221,45.014,,117476.5,,,,0
nemotron-super-trt-l1-astropy__astropy-12907-1,nemotron-super,tensorrt-llm,l1,astropy__astropy-12907,1,0,,,,,,,,,,,,50.264,1946.05,0.5406,,,,1,,,,,,,81.108,38.583,,107200.7,,,,0
nemotron-super-trt-l1-astropy__astropy-13033-1,nemotron-super,tensorrt-llm,l1,astropy__astropy-13033,1,0,,,,,,,,,,,,212.034,8369.83,2.325,,,,1,,,,,,,91.011,39.444,,107217.9,,,,0
nemotron-super-trt-l1-astropy__astropy-13236-1,nemotron-super,tensorrt-llm,l1,astropy__astropy-13236,1,0,,,,,,,,,,,,665.051,24861.31,6.9059,,,,1,,,,,,,93.644,37.392,,107234.6,,,,0
nemotron-super-trt-l1-astropy__astropy-13398-1,nemotron-super,tensorrt-llm,l1,astropy__astropy-13398,1,0,,,,,,,,,,,,168.821,6475.28,1.7987,,,,1,,,,,,,91.305,38.217,,107227.3,,,,0
nemotron-super-trt-l1-django__django-10554-1,nemotron-super,tensorrt-llm,l1,django__django-10554,1,0,,,,,,,,,,,,197.183,7480.3,2.0779,,,,1,,,,,,,92.546,37.979,,107272.7,,,,0
nemotron-super-trt-l1-django__django-10880-1,nemotron-super,tensorrt-llm,l1,django__django-10880,1,1,,,,,,,,,,,,199.984,8210.51,2.2807,,,,1,,,,,,,93.321,41.052,,107218.3,,,,0
nemotron-super-trt-l1-django__django-10914-1,nemotron-super,tensorrt-llm,l1,django__django-10914,1,1,,,,,,,,,,,,115.315,4704.77,1.3069,,,,1,,,,,,,89.46,40.802,,107277.4,,,,0
nemotron-super-trt-l1-matplotlib__matplotlib-13989-1,nemotron-super,tensorrt-llm,l1,matplotlib__matplotlib-13989,1,1,,,,,,,,,,,,241.345,9651.29,2.6809,,,,1,,,,,,,87.283,39.97,,107794.9,,,,0
nemotron-super-trt-l1-matplotlib__matplotlib-14623-1,nemotron-super,tensorrt-llm,l1,matplotlib__matplotlib-14623,1,0,,,,,,,,,,,,110.915,4881.08,1.3559,,,,1,,,,,,,89.032,43.891,,107757.0,,,,0
nemotron-super-trt-l1-mwaskom__seaborn-3069-1,nemotron-super,tensorrt-llm,l1,mwaskom__seaborn-3069,1,0,,,,,,,,,,,,559.834,22269.74,6.186,,,,1,,,,,,,91.796,39.774,,107800.6,,,,0
nemotron-super-trt-l1-mwaskom__seaborn-3187-1,nemotron-super,tensorrt-llm,l1,mwaskom__seaborn-3187,1,0,,,,,,,,,,,,325.98,11296.69,3.138,,,,1,,,,,,,93.488,34.685,,107852.7,,,,0
nemotron-super-trt-l1-pallets__flask-5014-1,nemotron-super,tensorrt-llm,l1,pallets__flask-5014,1,1,,,,,,,,,,,,197.657,7706.32,2.1406,,,,1,,,,,,,92.338,38.991,,107817.0,,,,0
nemotron-super-trt-l1-psf__requests-1142-1,nemotron-super,tensorrt-llm,l1,psf__requests-1142,1,1,,,,,,,,,,,,450.804,16504.61,4.5846,,,,1,,,,,,,93.146,36.62,,107836.0,,,,0
nemotron-super-trt-l1-psf__requests-1724-1,nemotron-super,tensorrt-llm,l1,psf__requests-1724,1,0,,,,,,,,,,,,236.372,9626.96,2.6742,,,,1,,,,,,,91.83,40.714,,107784.8,,,,0
nemotron-super-trt-l1-psf__requests-1766-1,nemotron-super,tensorrt-llm,l1,psf__requests-1766,1,1,,,,,,,,,,,,232.151,8396.87,2.3325,,,,1,,,,,,,92.069,36.197,,107914.0,,,,0
nemotron-super-trt-l1-psf__requests-1921-1,nemotron-super,tensorrt-llm,l1,psf__requests-1921,1,0,,,,,,,,,,,,508.328,19031.62,5.2866,,,,1,,,,,,,92.162,37.47,,107799.0,,,,0
nemotron-super-trt-l1-pylint-dev__pylint-4551-1,nemotron-super,tensorrt-llm,l1,pylint-dev__pylint-4551,1,0,,,,,,,,,,,,23.81,885.41,0.2459,,,,1,,,,,,,74.64,37.021,,107834.2,,,,0
nemotron-super-trt-l1-pylint-dev__pylint-4661-1,nemotron-super,tensorrt-llm,l1,pylint-dev__pylint-4661,1,0,,,,,,,,,,,,309.181,11324.43,3.1457,,,,1,,,,,,,89.667,36.605,,107899.9,,,,0
nemotron-super-trt-l1-pylint-dev__pylint-4970-1,nemotron-super,tensorrt-llm,l1,pylint-dev__pylint-4970,1,0,,,,,,,,,,,,349.351,12284.8,3.4124,,,,1,,,,,,,92.594,35.184,,107852.1,,,,0
nemotron-super-trt-l1-pytest-dev__pytest-10051-1,nemotron-super,tensorrt-llm,l1,pytest-dev__pytest-10051,1,0,,,,,,,,,,,,184.064,6947.66,1.9299,,,,1,,,,,,,91.207,37.796,,107848.5,,,,0
nemotron-super-trt-l1-pytest-dev__pytest-10081-1,nemotron-super,tensorrt-llm,l1,pytest-dev__pytest-10081,1,0,,,,,,,,,,,,46732.613,655306.15,182.0295,,,,1,,,,,,,95.123,13.992,,108517.3,,,,143
nemotron-super-trt-l1-pytest-dev__pytest-10356-1,nemotron-super,tensorrt-llm,l1,pytest-dev__pytest-10356,1,0,,,,,,,,,,,,,,,,,,,,,,,,,,,,,,,,
nemotron-super-trt-l1-pytest-dev__pytest-5262-1,nemotron-super,tensorrt-llm,l1,pytest-dev__pytest-5262,1,0,,,,,,,,,,,,,,,,,,,,,,,,,,,,,,,,
nemotron-super-trt-l1-sphinx-doc__sphinx-10449-1,nemotron-super,tensorrt-llm,l1,sphinx-doc__sphinx-10449,1,0,,,,,,,,,,,,,,,,,,,,,,,,,,,,,,,,
nemotron-super-trt-l1-sphinx-doc__sphinx-10466-1,nemotron-super,tensorrt-llm,l1,sphinx-doc__sphinx-10466,1,0,,,,,,,,,,,,,,,,,,,,,,,,,,,,,,,,
nemotron-super-trt-l1-sympy__sympy-11618-1,nemotron-super,tensorrt-llm,l1,sympy__sympy-11618,1,0,,,,,,,,,,,,,,,,,,,,,,,,,,,,,,,,
nemotron-super-trt-l1-sympy__sympy-12096-1,nemotron-super,tensorrt-llm,l1,sympy__sympy-12096,1,0,,,,,,,,,,,,,,,,,,,,,,,,,,,,,,,,
nemotron-super-trt-l1-sympy__sympy-12419-1,nemotron-super,tensorrt-llm,l1,sympy__sympy-12419,1,0,,,,,,,,,,,,,,,,,,,,,,,,,,,,,,,,
nemotron-super-trt-l1-sympy__sympy-12481-1,nemotron-super,tensorrt-llm,l1,sympy__sympy-12481,1,0,,,,,,,,,,,,,,,,,,,,,,,,,,,,,,,,
nemotron-super-trt-l2-node-1,nemotron-super,tensorrt-llm,l2,node,1,,0.0,0.0,,,,,,,,,,1574.552,74320.15,20.6445,,,,1,,,,,,,88.385,47.11,,107478.4,,,,0
nemotron-super-trt-l2-node-2,nemotron-super,tensorrt-llm,l2,node,2,,0.0,0.0,,,,,,,,,,230.01,10723.22,2.9787,,,,1,,,,,,,92.139,46.59,,107594.1,,,,0
nemotron-super-trt-l2-node-3,nemotron-super,tensorrt-llm,l2,node,3,,0.0,0.0,,,,,,,,,,1796.966,79715.74,22.1433,,,,1,,,,,,,92.551,44.359,,107586.5,,,,0
nemotron-super-trt-l2-node-4,nemotron-super,tensorrt-llm,l2,node,4,,0.0345,0.04,,,,,,,,,,1622.236,64153.77,17.8205,,,,1,,,,,,,68.476,38.796,,107357.7,,,,0
nemotron-super-trt-l2-python-1,nemotron-super,tensorrt-llm,l2,python,1,,0.0,0.0,,,,,,,,,,1885.018,85497.36,23.7493,,,,1,,,,,,,91.665,45.365,,107315.0,,,,0
nemotron-super-trt-l2-python-2,nemotron-super,tensorrt-llm,l2,python,2,,0.0,0.0,,,,,,,,,,361.581,17075.64,4.7432,,,,1,,,,,,,88.867,47.119,,107177.8,,,,0
nemotron-super-trt-l2-python-3,nemotron-super,tensorrt-llm,l2,python,3,,0.0,0.0,,,,,,,,,,203.97,8631.94,2.3978,,,,1,,,,,,,89.535,42.244,,107213.7,,,,0
nemotron-super-trt-l2-python-4,nemotron-super,tensorrt-llm,l2,python,4,,0.0,,,,,,,,,,,161.202,7271.94,2.02,,,,1,,,,,,,93.297,45.184,,107250.9,,,,0
qwen3-coder-30b-l1-astropy__astropy-12907-1,qwen3-coder-30b,vllm,l1,astropy__astropy-12907,1,0,,,,,,,moe,30.5,3.3,0.1082,bf16,48.904,1396.92,0.388,0.0138,1.691186,72.335,1,12642.97,21.4,0.625,2.75,4.775,4.0625,81.686,28.718,,109428.9,100220.0,826.0,101046.0,0
qwen3-coder-30b-l1-astropy__astropy-13033-1,qwen3-coder-30b,vllm,l1,astropy__astropy-13033,1,0,,,,,,,moe,30.5,3.3,0.1082,bf16,144.844,3739.83,1.0388,0.0205,1.297651,48.757,1,23416.61,21.45,0.425,0.875,2.275,4.7917,88.576,25.868,,109016.5,179462.0,2882.0,182344.0,0
qwen3-coder-30b-l1-astropy__astropy-13236-1,qwen3-coder-30b,vllm,l1,astropy__astropy-13236,1,0,,,,,,,moe,30.5,3.3,0.1082,bf16,67.9,1756.47,0.4879,0.0147,1.356347,68.086,1,18313.11,21.93,0.475,0.975,2.335,5.5,88.636,25.85,,108673.9,118297.0,1295.0,119592.0,0
qwen3-coder-30b-l1-astropy__astropy-13398-1,qwen3-coder-30b,vllm,l1,astropy__astropy-13398,1,0,,,,,,,moe,30.5,3.3,0.1082,bf16,189.847,5373.11,1.4925,0.0126,1.677524,79.644,1,26351.3,18.86,0.4875,2.0875,4.475,4.8438,89.667,28.368,,109304.6,424733.0,3203.0,427936.0,0
qwen3-coder-30b-l1-django__django-10554-1,qwen3-coder-30b,vllm,l1,django__django-10554,1,0,,,,,,,moe,30.5,3.3,0.1082,bf16,437.611,12706.59,3.5296,0.0111,2.066448,89.914,1,34933.29,15.42,0.5,5.3333,7.2833,8.6364,90.239,29.192,,109949.3,1136352.0,6149.0,1142501.0,0
qwen3-coder-30b-l1-django__django-10880-1,qwen3-coder-30b,vllm,l1,django__django-10880,1,0,,,,,,,moe,30.5,3.3,0.1082,bf16,39.107,1089.86,0.3027,0.0095,1.656322,105.322,1,16688.21,22.43,0.4375,1.6,2.41,3.2143,88.929,28.027,,109431.3,114128.0,658.0,114786.0,0
qwen3-coder-30b-l1-django__django-10914-1,qwen3-coder-30b,vllm,l1,django__django-10914,1,1,,,,,,,moe,30.5,3.3,0.1082,bf16,56.327,1638.96,0.4553,0.0134,1.734349,74.567,1,15441.79,20.6,0.5625,2.75,4.775,4.5833,88.765,29.232,,109433.2,121268.0,945.0,122213.0,0
qwen3-coder-30b-l1-matplotlib__matplotlib-13989-1,qwen3-coder-30b,vllm,l1,matplotlib__matplotlib-13989,1,0,,,,,,,moe,30.5,3.3,0.1082,bf16,68.503,2417.53,0.6715,0.0117,2.542093,85.692,1,12737.52,19.06,0.375,4.75,7.225,4.5833,86.045,35.767,,110424.1,206213.0,951.0,207164.0,0
qwen3-coder-30b-l1-matplotlib__matplotlib-14623-1,qwen3-coder-30b,vllm,l1,matplotlib__matplotlib-14623,1,0,,,,,,,moe,30.5,3.3,0.1082,bf16,53.983,2665.35,0.7404,0.0155,5.384545,64.693,1,7066.55,17.97,1.75,8.25,9.825,4.5833,85.168,50.201,,109746.9,171934.0,495.0,172429.0,0
qwen3-coder-30b-l1-mwaskom__seaborn-3069-1,qwen3-coder-30b,vllm,l1,mwaskom__seaborn-3069,1,0,,,,,,,moe,30.5,3.3,0.1082,bf16,234.046,7274.08,2.0206,0.0155,2.170719,64.646,1,19073.33,16.21,0.75,4.5,18.6,7.5,92.612,31.377,,109841.9,466893.0,3351.0,470244.0,0
qwen3-coder-30b-l1-mwaskom__seaborn-3187-1,qwen3-coder-30b,vllm,l1,mwaskom__seaborn-3187,1,0,,,,,,,moe,30.5,3.3,0.1082,bf16,251.167,7452.07,2.07,0.012,1.935603,83.424,1,23076.13,18.05,0.4545,4.5,9.45,8.3333,89.262,29.919,,109893.3,617828.0,3850.0,621678.0,0
qwen3-coder-30b-l1-pallets__flask-5014-1,qwen3-coder-30b,vllm,l1,pallets__flask-5014,1,1,,,,,,,moe,30.5,3.3,0.1082,bf16,36.804,1110.55,0.3085,0.0158,1.885484,63.098,1,11307.71,20.92,0.5,2.2,2.47,5.0,87.45,30.366,,109832.6,69485.0,589.0,70074.0,0
qwen3-coder-30b-l1-psf__requests-1142-1,qwen3-coder-30b,vllm,l1,psf__requests-1142,1,1,,,,,,,moe,30.5,3.3,0.1082,bf16,76.067,2261.46,0.6282,0.0114,1.812067,87.386,1,18377.15,19.77,0.7083,2.425,4.725,5.625,91.293,29.929,,109840.6,196373.0,1248.0,197621.0,0
qwen3-coder-30b-l1-psf__requests-1724-1,qwen3-coder-30b,vllm,l1,psf__requests-1724,1,0,,,,,,,moe,30.5,3.3,0.1082,bf16,82.133,2675.59,0.7432,0.0123,2.187727,81.298,1,15111.94,18.65,1.0,3.75,4.875,7.5,91.293,32.87,,109798.0,216296.0,1223.0,217519.0,0
qwen3-coder-30b-l1-psf__requests-1766-1,qwen3-coder-30b,vllm,l1,psf__requests-1766,1,0,,,,,,,moe,30.5,3.3,0.1082,bf16,43.915,1292.36,0.359,0.0192,1.69601,52.1,1,10861.39,21.2,0.75,2.05,2.455,5.0,87.965,29.522,,109773.9,66570.0,762.0,67332.0,0
qwen3-coder-30b-l1-psf__requests-1921-1,qwen3-coder-30b,vllm,l1,psf__requests-1921,1,0,,,,,,,moe,30.5,3.3,0.1082,bf16,89.23,2563.28,0.712,0.0153,1.735464,65.531,1,15765.0,19.32,0.6875,2.75,4.775,6.25,86.886,28.921,,109703.7,166497.0,1477.0,167974.0,0
qwen3-coder-30b-l1-pylint-dev__pylint-4551-1,qwen3-coder-30b,vllm,l1,pylint-dev__pylint-4551,1,0,,,,,,,moe,30.5,3.3,0.1082,bf16,450.41,12136.58,3.3713,0.0178,1.553184,56.314,1,36582.91,17.96,0.5312,1.96,4.3,8.6111,92.371,26.993,,110332.1,675645.0,7814.0,683459.0,0
qwen3-coder-30b-l1-pylint-dev__pylint-4661-1,qwen3-coder-30b,vllm,l1,pylint-dev__pylint-4661,1,0,,,,,,,moe,30.5,3.3,0.1082,bf16,154.531,3878.68,1.0774,0.0168,1.234069,59.559,1,30370.87,21.87,0.2875,0.4975,2.185,6.0714,91.092,25.113,,109720.0,227866.0,3143.0,231009.0,0
qwen3-coder-30b-l1-pylint-dev__pylint-4970-1,qwen3-coder-30b,vllm,l1,pylint-dev__pylint-4970,1,0,,,,,,,moe,30.5,3.3,0.1082,bf16,107.535,3313.18,0.9203,0.0138,1.935269,72.239,1,17844.3,18.66,0.625,3.625,4.8625,7.5,91.756,31.008,,109709.7,237628.0,1712.0,239340.0,0
qwen3-coder-30b-l1-pytest-dev__pytest-10051-1,qwen3-coder-30b,vllm,l1,pytest-dev__pytest-10051,1,0,,,,,,,moe,30.5,3.3,0.1082,bf16,62.003,1825.22,0.507,0.0137,1.723532,72.982,1,16348.22,20.45,0.475,2.75,4.775,4.6875,89.199,29.583,,109704.9,132149.0,1059.0,133208.0,0
qwen3-coder-30b-l1-pytest-dev__pytest-10081-1,qwen3-coder-30b,vllm,l1,pytest-dev__pytest-10081,1,1,,,,,,,moe,30.5,3.3,0.1082,bf16,235.443,6274.96,1.743,0.0173,1.389803,57.932,1,22649.97,20.95,0.4135,1.4875,2.3988,4.9038,90.201,26.701,,109829.8,359004.0,4515.0,363519.0,0
qwen3-coder-30b-l1-pytest-dev__pytest-10356-1,qwen3-coder-30b,vllm,l1,pytest-dev__pytest-10356,1,0,,,,,,,moe,30.5,3.3,0.1082,bf16,167.485,4432.5,1.2312,0.0139,1.444752,71.927,1,28169.08,20.1,0.5,2.75,4.775,8.125,90.185,26.532,,109784.6,315749.0,3068.0,318817.0,0
qwen3-coder-30b-l1-pytest-dev__pytest-5262-1,qwen3-coder-30b,vllm,l1,pytest-dev__pytest-5262,1,1,,,,,,,moe,30.5,3.3,0.1082,bf16,82.007,2277.79,0.6327,0.023,1.534899,43.475,1,13978.61,20.29,0.5625,4.125,4.9125,6.25,90.838,27.894,,110410.4,97542.0,1484.0,99026.0,0
qwen3-coder-30b-l1-sphinx-doc__sphinx-10449-1,qwen3-coder-30b,vllm,l1,sphinx-doc__sphinx-10449,1,0,,,,,,,moe,30.5,3.3,0.1082,bf16,189.003,5970.84,1.6586,0.014,2.250599,71.414,1,17553.18,16.39,0.4821,6.75,18.7,12.5,90.67,31.906,,110453.8,423749.0,2653.0,426402.0,0
qwen3-coder-30b-l1-sphinx-doc__sphinx-10466-1,qwen3-coder-30b,vllm,l1,sphinx-doc__sphinx-10466,1,1,,,,,,,moe,30.5,3.3,0.1082,bf16,35.631,971.62,0.2699,0.0171,1.485657,58.341,1,13489.41,21.99,0.375,2.05,2.455,4.1667,87.905,27.36,,110455.1,56031.0,654.0,56685.0,0
qwen3-coder-30b-l1-sympy__sympy-11618-1,qwen3-coder-30b,vllm,l1,sympy__sympy-11618,1,1,,,,,,,moe,30.5,3.3,0.1082,bf16,175.746,4693.63,1.3038,0.0214,1.465843,46.756,1,21506.21,19.63,0.4286,2.35,4.7,5.0,92.924,26.806,,110403.9,216252.0,3202.0,219454.0,0
qwen3-coder-30b-l1-sympy__sympy-12096-1,qwen3-coder-30b,vllm,l1,sympy__sympy-12096,1,0,,,,,,,moe,30.5,3.3,0.1082,bf16,47.845,1299.75,0.361,0.0131,1.520175,76.262,1,15445.57,21.73,0.625,1.15,2.365,4.6875,88.806,27.213,,110401.3,98267.0,855.0,99122.0,0
qwen3-coder-30b-l1-sympy__sympy-12419-1,qwen3-coder-30b,vllm,l1,sympy__sympy-12419,1,0,,,,,,,moe,30.5,3.3,0.1082,bf16,57.985,1727.83,0.48,0.0119,1.79795,84.349,1,15759.69,20.64,0.6667,2.0,2.45,5.0,89.984,29.97,,110369.5,144780.0,961.0,145741.0,0
qwen3-coder-30b-l1-sympy__sympy-12481-1,qwen3-coder-30b,vllm,l1,sympy__sympy-12481,1,0,,,,,,,moe,30.5,3.3,0.1082,bf16,51.108,1856.57,0.5157,0.0168,2.659842,59.463,1,8999.11,18.82,0.5,8.5,9.85,5.0,86.12,36.811,,110415.9,109699.0,698.0,110397.0,0
qwen3-coder-30b-l2-node-1,qwen3-coder-30b,vllm,l2,node,1,,0.0,0.0,,,,,moe,30.5,3.3,0.1082,bf16,1323.639,38549.57,10.7082,0.0279,1.348877,35.819,1,90740.71,21.96,0.2068,0.525,3.825,11.25,94.022,29.125,,109229.9,1352236.0,28579.0,1380815.0,0
qwen3-coder-30b-l2-node-10,qwen3-coder-30b,vllm,l2,node,10,,0.069,0.08,,,,,moe,30.5,3.3,0.1082,bf16,1120.794,31582.34,8.7729,0.0203,1.309655,49.208,1,96189.96,22.36,0.2289,0.5893,0.8625,5.5,92.644,28.15,,109573.5,1529990.0,24115.0,1554105.0,0
qwen3-coder-30b-l2-node-11,qwen3-coder-30b,vllm,l2,node,11,,0.4483,0.48,,,,,moe,30.5,3.3,0.1082,bf16,771.09,21017.92,5.8383,0.0188,1.253454,53.138,1,90852.42,23.11,0.2045,0.525,0.885,7.0,90.713,27.208,,109481.9,1100074.0,16768.0,1116842.0,0
qwen3-coder-30b-l2-node-12,qwen3-coder-30b,vllm,l2,node,12,,0.0,0.0,,,,,moe,30.5,3.3,0.1082,bf16,684.361,20004.2,5.5567,0.0199,1.30772,50.142,1,79669.2,22.98,0.2075,0.5583,0.9463,12.5,93.11,29.236,,109534.8,987754.0,15297.0,1003051.0,0
qwen3-coder-30b-l2-node-13,qwen3-coder-30b,vllm,l2,node,13,,0.0,0.0,,,,,moe,30.5,3.3,0.1082,bf16,1284.129,37494.03,10.415,0.0247,1.394971,40.558,1,43274.65,21.86,0.2169,0.7313,14.7,14.6875,93.345,29.273,,109877.0,1493802.0,26878.0,1520680.0,0
qwen3-coder-30b-l2-node-14,qwen3-coder-30b,vllm,l2,node,14,,0.0,0.0,,,,,moe,30.5,3.3,0.1082,bf16,897.107,26080.68,7.2446,0.0225,1.33221,44.384,1,86437.33,22.54,0.2015,0.55,2.155,10.7143,92.553,29.059,,109930.9,1137993.0,19577.0,1157570.0,0
qwen3-coder-30b-l2-node-15,qwen3-coder-30b,vllm,l2,node,15,,0.1034,0.12,,,,,moe,30.5,3.3,0.1082,bf16,1077.651,30493.06,8.4703,0.0319,1.235738,31.347,1,89638.55,23.26,0.1961,0.4542,0.8975,13.4375,94.33,28.295,,110076.0,931177.0,24676.0,955853.0,0
qwen3-coder-30b-l2-node-16,qwen3-coder-30b,vllm,l2,node,16,,0.0,0.0,,,,,moe,30.5,3.3,0.1082,bf16,578.125,16656.06,4.6267,0.0208,1.260677,48.077,1,86002.54,23.48,0.1919,0.41,0.905,11.1111,93.963,28.813,,109900.3,787556.0,13212.0,800768.0,0
qwen3-coder-30b-l2-node-17,qwen3-coder-30b,vllm,l2,node,17,,0.0345,0.04,,,,,moe,30.5,3.3,0.1082,bf16,1184.976,33811.39,9.3921,0.0191,1.337423,52.317,1,105122.44,22.04,0.204,0.5375,0.8475,7.8333,92.839,28.512,,110107.9,1743614.0,25281.0,1768895.0,0
qwen3-coder-30b-l2-node-18,qwen3-coder-30b,vllm,l2,node,18,,0.0345,0.04,,,,,moe,30.5,3.3,0.1082,bf16,776.994,21539.43,5.9832,0.0186,1.302342,53.816,1,75892.43,22.64,0.2286,0.7,0.97,12.5,89.476,27.666,,110249.8,1142629.0,16539.0,1159168.0,0
qwen3-coder-30b-l2-node-19,qwen3-coder-30b,vllm,l2,node,19,,0.1379,0.16,,,,,moe,30.5,3.3,0.1082,bf16,762.576,21432.48,5.9535,0.0251,1.283075,39.864,1,85881.99,23.21,0.1957,0.525,0.9075,14.1667,89.73,28.057,,109833.0,837687.0,16704.0,854391.0,0
qwen3-coder-30b-l2-node-2,qwen3-coder-30b,vllm,l2,node,2,,0.0,0.0,,,,,moe,30.5,3.3,0.1082,bf16,794.407,21555.85,5.9877,0.0172,1.202961,58.208,1,101723.5,23.13,0.1911,0.4125,0.8725,10.8333,94.062,27.135,,109484.9,1236797.0,17919.0,1254716.0,0
qwen3-coder-30b-l2-node-20,qwen3-coder-30b,vllm,l2,node,20,,0.0,,,,,,moe,30.5,3.3,0.1082,bf16,4.295,82.89,0.023,0.0068,1.237164,146.658,1,42688.23,26.87,0.25,0.45,0.495,0.5,54.143,20.29,,109761.1,12089.0,67.0,12156.0,0
qwen3-coder-30b-l2-node-3,qwen3-coder-30b,vllm,l2,node,3,,0.8621,0.84,,,,,moe,30.5,3.3,0.1082,bf16,701.887,17810.81,4.9474,0.0188,1.237463,53.145,1,81415.95,23.35,0.2139,0.475,0.8975,9.1667,84.96,25.233,,109702.4,932167.0,14393.0,946560.0,0
qwen3-coder-30b-l2-node-4,qwen3-coder-30b,vllm,l2,node,4,,0.0345,0.04,,,,,moe,30.5,3.3,0.1082,bf16,749.039,20816.93,5.7825,0.016,1.269867,62.426,1,91942.48,23.02,0.205,0.45,0.86,8.5714,90.591,27.765,,109597.3,1283123.0,16393.0,1299516.0,0
qwen3-coder-30b-l2-node-5,qwen3-coder-30b,vllm,l2,node,5,,0.9655,1.0,,,,,moe,30.5,3.3,0.1082,bf16,760.14,20684.57,5.7457,0.0159,1.259488,63.042,1,80845.39,22.82,0.2213,0.575,0.9313,5.5,89.686,27.182,,109136.9,1287574.0,16423.0,1303997.0,0
qwen3-coder-30b-l2-node-6,qwen3-coder-30b,vllm,l2,node,6,,0.0,,,,,,moe,30.5,3.3,0.1082,bf16,4.624,91.64,0.0255,0.0075,1.221867,132.731,1,40804.55,26.94,0.25,0.45,0.495,0.8,56.4,20.619,,109128.4,12089.0,75.0,12164.0,0
qwen3-coder-30b-l2-node-7,qwen3-coder-30b,vllm,l2,node,7,,0.0345,0.04,,,,,moe,30.5,3.3,0.1082,bf16,1333.755,38710.33,10.7529,0.0199,1.412786,50.218,1,91126.39,21.38,0.2269,0.67,2.005,9.375,91.164,29.005,,108998.8,1916539.0,27400.0,1943939.0,0
qwen3-coder-30b-l2-node-8,qwen3-coder-30b,vllm,l2,node,8,,0.7931,0.8,,,,,moe,30.5,3.3,0.1082,bf16,654.169,19942.67,5.5396,0.0151,1.389152,66.364,1,92403.53,23.18,0.1929,0.4393,0.8575,7.8846,91.73,30.443,,109695.9,1309117.0,14356.0,1323473.0,0
qwen3-coder-30b-l2-node-9,qwen3-coder-30b,vllm,l2,node,9,,0.0345,0.04,,,,,moe,30.5,3.3,0.1082,bf16,903.095,27553.75,7.6538,0.0209,1.400516,47.848,1,85565.73,22.51,0.2103,0.625,0.9583,12.8571,94.109,30.504,,109670.3,1298717.0,19674.0,1318391.0,0
qwen3-coder-30b-l2-python-1,qwen3-coder-30b,vllm,l2,python,1,,0.0345,0.04,,,,,moe,30.5,3.3,0.1082,bf16,462.712,12315.46,3.421,0.0181,1.19498,55.129,1,56600.59,23.46,0.205,0.5625,4.125,9.5,91.498,26.618,,109295.0,668628.0,10306.0,678934.0,0
qwen3-coder-30b-l2-python-2,qwen3-coder-30b,vllm,l2,python,2,,0.0,0.0,,,,,moe,30.5,3.3,0.1082,bf16,1068.104,29532.9,8.2036,0.0219,1.243281,45.727,1,85569.46,22.82,0.2125,0.4717,0.9287,5.25,93.042,27.654,,109745.0,1326692.0,23754.0,1350446.0,0
qwen3-coder-30b-l2-python-3,qwen3-coder-30b,vllm,l2,python,3,,0.0,0.0,,,,,moe,30.5,3.3,0.1082,bf16,899.21,24921.72,6.9227,0.0168,1.33257,59.461,1,80982.54,21.86,0.2096,0.5375,1.645,12.0833,91.877,27.693,,109628.6,1463166.0,18702.0,1481868.0,0
qwen3-coder-30b-l2-python-4,qwen3-coder-30b,vllm,l2,python,4,,0.0,0.0,,,,,moe,30.5,3.3,0.1082,bf16,707.782,19345.5,5.3737,0.0163,1.242645,61.18,1,93967.34,22.65,0.1911,0.4125,0.8725,9.3182,93.624,27.337,,109019.2,1167994.0,15568.0,1183562.0,0
qwen3-coder-30b-l2-python-5,qwen3-coder-30b,vllm,l2,python,5,,0.0,0.0,,,,,moe,30.5,3.3,0.1082,bf16,833.725,22875.15,6.3542,0.0201,1.235293,49.787,1,86720.85,22.78,0.2019,0.4173,0.6175,13.125,93.388,27.436,,109751.5,1120366.0,18518.0,1138884.0,0
qwen3-coder-30b-l2-python-6,qwen3-coder-30b,vllm,l2,python,6,,0.0,0.0,,,,,moe,30.5,3.3,0.1082,bf16,694.714,19054.19,5.2928,0.0178,1.245535,56.143,1,85549.35,22.64,0.2078,0.4458,0.885,8.5714,93.4,27.426,,109828.2,1054470.0,15298.0,1069768.0,0
qwen3-coder-30b-l2-python-7,qwen3-coder-30b,vllm,l2,python,7,,0.0,0.0,,,,,moe,30.5,3.3,0.1082,bf16,854.749,23676.31,6.5768,0.027,1.258374,37.096,1,98402.27,22.4,0.19,0.4,1.96,12.5,94.243,27.706,,109434.4,859472.0,18815.0,878287.0,0
qwen3-coder-30b-l2-python-8,qwen3-coder-30b,vllm,l2,python,8,,0.0,0.0,,,,,moe,30.5,3.3,0.1082,bf16,607.698,16488.43,4.5801,0.0174,1.221999,57.527,1,96059.09,22.81,0.1846,0.2875,0.64,11.875,92.755,27.137,,109798.4,935036.0,13493.0,948529.0,0
qwen3-coder-30b-l3-lcb-pre2024m06-1,qwen3-coder-30b,vllm,l3,lcb-pre2024m06,1,,,,0.681641,0.640064,0.720511,512,,,,,,38582.51,1007353.24,279.8203,0.819,1.085957,1.221,1,1666.27,24.2,0.3748,0.4765,0.4994,52.6316,95.244,26.097,,117761.7,302294.0,927618.0,1229912.0,0
